{"cameraMode":{"drawMode":0,"name":"Shaded","section":"Shading Mode"},"sceneLighting":true,"audioPlay":false,"sceneViewState":{"showFog":true,"showMaterialUpdate":true,"showSkybox":true,"showFlares":true,"showImageEffects":true,"showParticleSystems":true},"in2DMode":false,"pivot":{"x":-1.5427824258804322,"y":-7.598252773284912,"z":10.05681037902832},"rotation":{"x":0.4161004424095154,"y":0.02505873516201973,"z":-0.011440339498221875,"w":0.9089451432228088},"size":15.842794418334961,"orthographic":false}