{"cameraMode":{"drawMode":0,"name":"Shaded","section":"Shading Mode"},"sceneLighting":true,"audioPlay":false,"sceneViewState":{"showFog":true,"showMaterialUpdate":true,"showSkybox":true,"showFlares":true,"showImageEffects":true,"showParticleSystems":true},"in2DMode":false,"pivot":{"x":0.5472133159637451,"y":2.1334311962127687,"z":1.2229536771774293},"rotation":{"x":-0.009837855584919453,"y":0.9823075532913208,"z":-0.17906419932842256,"w":-0.05396709963679314},"size":3.041374444961548,"orthographic":false}