{"cameraMode":{"drawMode":0,"name":"Shaded","section":"Shading Mode"},"sceneLighting":true,"audioPlay":false,"sceneViewState":{"showFog":true,"showMaterialUpdate":true,"showSkybox":true,"showFlares":true,"showImageEffects":true,"showParticleSystems":true},"in2DMode":false,"pivot":{"x":9.65968132019043,"y":-6.8853278160095219,"z":1.5972086191177369},"rotation":{"x":-0.20726120471954347,"y":-0.7001158595085144,"z":0.2249026745557785,"w":-0.6452788710594177},"size":9.508418083190918,"orthographic":false}