{"cameraMode":{"drawMode":0,"name":"Shaded","section":"Shading Mode"},"sceneLighting":true,"audioPlay":false,"sceneViewState":{"showFog":true,"showMaterialUpdate":true,"showSkybox":true,"showFlares":true,"showImageEffects":true,"showParticleSystems":true},"in2DMode":false,"pivot":{"x":-12.837705612182618,"y":2.2559378147125246,"z":-7.6566081047058109},"rotation":{"x":-0.01886502467095852,"y":-0.905645489692688,"z":-0.04050165414810181,"w":0.42177191376686098},"size":9.508418083190918,"orthographic":false}