{"cameraMode":{"drawMode":0,"name":"Shaded","section":"Shading Mode"},"sceneLighting":true,"audioPlay":false,"sceneViewState":{"showFog":true,"showMaterialUpdate":true,"showSkybox":true,"showFlares":true,"showImageEffects":true,"showParticleSystems":true},"in2DMode":false,"pivot":{"x":-1.0597683191299439,"y":1.7515699863433838,"z":3.1660828590393068},"rotation":{"x":-0.01264518778771162,"y":-0.9770559668540955,"z":0.20397761464118958,"w":-0.06081761419773102},"size":1.5561468601226807,"orthographic":false}